Bike Inventory Records,,,,,,
,,,,,,,
BikeNumber,BikeMake,BikeModel
1,Giant,Tandem
2,Giant,Off-Road
4,Marin,Tandem
5,Marin,Off-Road
7,Marin,Tandem
8,Marin,Off-Road
10,Marin,Tandem
11,Marin,Off-Road
13,Giant,Tandem
14,Giant,Off-Road
16,Giant,Tandem
17,Giant,Off-Road
19,Marin,Tandem
20,Marin,Off-Road
22,Marin,Tandem
23,Marin,Off-Road
25,Marin,Tandem
26,Marin,Off-Road
28,Giant,Tandem
29,Giant,Off-Road
31,Giant,Tandem
32,Giant,Off-Road
34,Giant,Tandem
35,Giant,Off-Road
37,Marin,Tandem
38,Marin,Off-Road
40,Giant,Tandem
41,Giant,Off-Road
43,Marin,Tandem
44,Marin,Off-Road
45,Giant,Road
46,Giant,Tandem
47,Giant,Off-Road
48,Marin,Road
49,Marin,Tandem
50,Marin,Off-Road
51,Marin,Road
52,Marin,Tandem
53,Marin,Off-Road
54,Marin,Road
55,Marin,Tandem
56,Marin,Off-Road
57,Giant,Road
58,Giant,Tandem
59,Giant,Off-Road
0,Giant,Road
3,Marin,Road
24,Marin,Road
27,Giant,Road
