Item Inventory Records,,,,,,
,,,,,,,
ItemName
Training Wheels
Knee Pads
Basket
Training Wheels
Gloves
Knee Pads
Basket
Training Wheels
Gloves
Knee Pads
Basket
Training Wheels
Gloves
Knee Pads
Basket
Training Wheels
Gloves
Knee Pads
Basket
Training Wheels
Gloves
Knee Pads
Basket
Training Wheels
Gloves
Knee Pads
Basket
Training Wheels
Gloves
Knee Pads
Basket
Training Wheels
Gloves
Knee Pads
Basket
Training Wheels
Gloves
Knee Pads
Basket
Training Wheels
Gloves
Knee Pads
Basket
Training Wheels
Gloves
Knee Pads
Basket
Training Wheels
Gloves
Knee Pads
Basket
Training Wheels
Gloves
Knee Pads
Basket
Helmet
Training Wheels
Gloves
Knee Pads
Basket
Helmet
Training Wheels
Gloves
Knee Pads
Basket
Helmet
Training Wheels
Gloves
Knee Pads
Basket
Helmet
Training Wheels
Gloves
Knee Pads
Basket
Helmet
Training Wheels
Gloves
Knee Pads
Basket
Helmet
Training Wheels
Gloves
Knee Pads
Basket
Helmet
Training Wheels
Gloves
Knee Pads
Basket
Helmet
Training Wheels
Gloves
Knee Pads
Basket
Helmet
Training Wheels
Gloves
Knee Pads
Basket
Helmet
Training Wheels
Gloves
Knee Pads
Basket
Helmet
Training Wheels
Gloves
Knee Pads
Basket
Helmet
Training Wheels
Gloves
Knee Pads
Basket
Helmet
Training Wheels
Gloves
Knee Pads
Basket
Helmet
Training Wheels
Gloves
Knee Pads
Basket
Helmet
Training Wheels
Gloves
Knee Pads
Basket
Helmet
Training Wheels
Gloves
Knee Pads
Basket
Helmet
Training Wheels
Gloves
Knee Pads
Basket
Helmet
Training Wheels
Gloves
Knee Pads
Basket
Helmet
Training Wheels
Gloves
Knee Pads
Basket
Helmet
Training Wheels
Gloves
Knee Pads
Basket
Helmet
Training Wheels
Gloves
Knee Pads
Basket
Helmet
Training Wheels
Gloves
Knee Pads
Basket
Helmet
Training Wheels
Gloves
Knee Pads
Basket
Helmet
Training Wheels
Gloves
Knee Pads
Basket
Helmet
Training Wheels
Gloves
Knee Pads
Basket
Helmet
Training Wheels
Gloves
Knee Pads
Basket
Helmet
Training Wheels
Gloves
Knee Pads
Basket
Helmet
Training Wheels
Gloves
Knee Pads
Basket
Helmet
Training Wheels
Gloves
Knee Pads
Basket
Helmet
Training Wheels
Gloves
Knee Pads
Basket
Helmet
Training Wheels
Gloves
Knee Pads
Basket
Helmet
Training Wheels
Gloves
Knee Pads
Basket
Helmet
Training Wheels
Gloves
Knee Pads
Basket
Helmet
Training Wheels
Gloves
Knee Pads
Basket
Helmet
Training Wheels
Gloves
Knee Pads
Basket
Helmet
Training Wheels
Gloves
Knee Pads
Basket
Helmet
Helmet
Helmet
Helmet
